Company,% Change
Kaushalya Infrastruc,+173.40
Optiemus Infracom,+162.00
Source Natural Foods,+160.36
Axtel Industries,+142.98
Regency Investments,+137.73
CG Power and Indust,+130.73
Mangalam Drugs,+116.51
Amaze Entertech,+115.63
Tirupati Tyres,+110.75
Toyam Industries,+109.80
HDIL,+109.06
GBL Industries,+108.42
Janus Corporation,+108.08
GayatriSugars,+104.17
Aarti Surfactants,+103.81
Hindustan Bio Scienc,+102.67
Standard Surfact,+102.43
Global Offshore Ser,+102.22
Softsol India,+99.83
Vivimed Labs,+96.26
Lancer Container Lin,+94.85
Transglobe Foods,+93.96
Maris Spinners L,+93.81
Pooja Entertainment,+93.00
Vikas Multicorp,+92.65
Aarey Drugs & Ph,+91.90
ARC Finance,+90.91
Skyline Millars,+89.80
Omkar Speciality Che,+89.62
Bhagawati Oxygen,+89.48
Titan Biotech Ltd.,+88.35
Dhanvarsha Finvest,+86.85
Orient Tradelink,+86.51
Anjani Foods,+85.02
Tanla Solutions,+84.66
PremierLtd.,+84.42
Genesys Int.Corp.,+84.20
Godawari Power & Isp,+83.52
Saras.Commercial,+83.09
CG-VAK Software,+82.20
Vikram Thermo (I,+81.72
National Steel and A,+81.16
Supremex Shine Steel,+79.69
Roxy Exports,+79.54
Kachchh Minerals Ltd,+78.66
Apollo Finvest,+77.94
McLeod Russel,+76.75
Phaarmasia Ltd.,+76.32
Indbank Merchant,+74.89
G S Auto Interna,+74.60
GTV Engineering,+74.11
ASM Technologies Ltd,+73.07
Expleo Solutions,+72.80
Simran Farms Lim,+72.66
Nxtdigital L,+72.59
Nucleus Software,+72.15
Pratiksha Chemic,+71.43
TGB Banquets,+71.25
Choksi Imaging,+70.83
Ramco Systems Lt,+70.29
Trigyn Technolog,+69.81
Vivid Global Industr,+69.43
Indiabulls Ventures,+69.40
Pasari Spinning,+68.60
Natural Capsules,+68.23
Butterfly Gandhima,+67.52
Shangar Decor,+67.51
Bombay Rayon Fashion,+66.67
Emco Ltd.,+65.05
California Softw,+64.71
Rap Media,+63.23
DFM Foods Limi,+62.77
Prince Pipes & Fitti,+62.68
Ramkrishna Forgings,+62.35
Gajra Bevel Gear,+61.90
Jayshree Chem.,+61.71
S R Industries L,+61.63
Axon Ventures,+61.54
Va Tech Wabag Ltd.,+61.52
Adani Enterprises Lt,+61.21
PCS Technology,+61.14
Ashapura Min. Lt,+60.75
Aarti Drugs Ltd,+60.67
GVK Power & Infrastr,+60.00
Somi Conveyor Beltin,+59.87
Danlaw Technologies,+59.53
Sarda Energy & Miner,+59.18
Ceinsys Tech,+58.87
Paul Merchants,+58.83
Rollatainers Ltd,+58.82
India Finsec Ltd.,+58.54
Vijay Textiles L,+58.35
Rossell India,+58.18
AvanceTechnologies,+57.58
Affle (India),+56.96
PTC Industries,+56.88
Indsil Hydro Power a,+56.86
Emerald Leasing Fin,+56.77
Rainbow Foundati,+56.34
Creative Eye,+56.08
Kellton Tech Solutio,+55.95
Sika Interplant,+55.87
Ritesh Internati,+55.45
Mahamaya Steel Indus,+55.15
Tirupati Starch,+55.07
Navkar Builders,+55.07
Reliance Naval,+55.04
Hind. Flurocarbo,+54.82
PSL Ltd.,+54.35
Goldstone Tech,+54.22
Capital Trade Links,+54.19
Shahlon Silk Indust,+54.08
Prime Focus,+54.00
ABM Knowledgeware,+53.41
Praveg Communication,+53.23
KPT Industries,+53.00
Shashijit Infraproje,+52.97
Biopac India,+52.75
Mindteck (India),+52.17
Unique Organics,+52.03
Atlas Jewellery,+51.83
MSR India,+51.72
Wardwizard Innovatio,+51.69
Binny Ltd.,+51.64
Medico Intercontinen,+51.60
Dynamatic Techno,+51.44
3i Infotech,+51.26
Emami Ltd.,+51.05
HIM Teknoforge,+50.99
IDFC L,+50.52
KPI Global Infra,+50.41
Xchanging Solutions,+50.26
Xtglobal Infotech,+50.15
Gemstone Invest,+50.00
Emami Realty,+49.85
TCPL Packaging,+49.01
Polylink Polymer,+48.89
Anubhav Infrastructu,+48.61
I G Petrochemicals,+48.55
Balaji Amines Li,+48.42
IZMO,+48.39
Jatalia Global Vent,+48.33
RattanIndia Infra,+48.33
Visagar Financial,+48.00
Digicontent,+47.80
M M Forgings Ltd.,+47.77
Sangam Renewables,+47.45
S Chand & Company,+47.45
MBL Infrastructures,+47.34
Bharat Seats,+47.19
Supreme Holdings,+47.04
Sunteck Realty Ltd.,+47.04
Omax Auto,+46.84
Cambridge Technology,+46.84
BLB Ltd.,+46.84
Vedavaag Systems,+46.60
KM Sugar Mills,+46.52
Link Pharma Chem,+46.52
Dish TV India Ltd.,+46.45
Adani Green Energy,+46.43
Akme Star Housing,+46.21
Varroc Engineering,+46.14
Usha Martin Ltd.,+46.07
HLE Glasscoat,+46.05
Valiant Organics,+45.65
Sahara Housingfina C,+45.59
McNally Bharat E,+45.56
Continental Petr,+45.55
Racl Geartech,+45.42
eClerx Services,+45.42
Zee Entertainment En,+45.39
Nikhil Adhesives,+45.30
A Infrastructure,+45.26
Alchemist,+45.26
Tyche Industries,+45.16
Zenith Healthcare,+44.79
Fiberweb (India),+44.32
DiGiSPICE Technologi,+44.21
Banas Finance Lt,+44.09
S P Apparels Ltd.,+44.04
Vinaditya Trading Co,+44.00
Venky's (India) Ltd.,+43.90
Gulshan Polyols Ltd.,+43.90
Anant Raj Ltd.,+43.87
DQ Entertainment (In,+43.81
Aksh Optifibre,+43.76
Surya Roshni Ltd,+43.76
Alicon Castalloy,+43.71
RattanIndia Power,+43.27
Manorama Industries,+43.15
Chemtech Industrial,+43.14
ISMT Ltd.,+43.01
Shriram City Uni,+42.93
CESC Ventures,+42.80
Victory Paper &,+42.75
B2B Soft.Tech.Ltd.,+42.67
Indian Terrain Fashi,+42.61
SPML Infra,+42.53
Globus Spirits Ltd.,+42.47
Gayatri BioOrganics,+42.30
CJ Gelatine,+42.25
Flex Foods,+42.03
Real Strips,+41.98
OK Play India Ltd.,+41.95
Essar Shipping,+41.91
Rama Steel Tubes Ltd,+41.90
Hexa Tradex Ltd.,+41.75
LancorHoldings Ltd,+41.69
Jamna Auto Inds.,+41.58
Chandni Textiles Eng,+41.52
Magma Fincorp Ltd.,+41.44
Man Infraconstructio,+41.39
Jindal Stainless (Hi,+41.34
Mohit Paper Mill,+41.25
Betex India Ltd.,+41.23
Bliss GVS Pharma,+41.14
Birlasoft,+41.10
Ashok Leyland,+41.04
Firstobject Technolo,+41.00
Alkyl Amines Che,+40.88
SORIL Infra Resource,+40.78
The Investment Trust,+40.49
Bharat Wire Ropes Lt,+40.15
Avon Lifesciences L,+40.05
C & C Constructions,+39.90
Intec Capital,+39.84
Technocraft Industri,+39.84
JITF Infralogistics,+39.62
Elgi Equipments,+39.56
FIEM Industries,+39.53
Odyssey Technolo,+39.23
Bhartiya Interna,+39.05
Brightcom Group,+38.94
Chemo Pharma Lab,+38.84
Prakash Indus.,+38.72
Dhunseri Tea & Indus,+38.53
Metalyst Forgings,+38.50
Kopran Ltd,+38.36
Megasoft Ltd.,+38.35
Viceroy Hotels L,+38.10
GRM Overseas,+38.04
Bharat Gears,+37.98
Vivo Bio Tech Ltd.,+37.93
VIP Clothing,+37.90
B L Kashyap & Sons,+37.84
Daikaffil Chemic,+37.55
Innovative Tech,+37.46
Morarka Finance,+37.45
Concord Drugs,+37.41
Allsec Technologies,+37.36
Tata Motors Ltd.,+37.34
EIH Ltd.,+37.30
B&A Ltd.,+37.11
Apoorva Leasing Fina,+36.96
Coral Labs.,+36.91
Anisha Impex Ltd.,+36.84
Shree Rama Multi,+36.77
Everest Kanto Cylind,+36.67
Simbhaoli Sugars,+36.45
Diamines & Chem.,+36.43
Xelpmoc Design and T,+36.28
Maan Aluminium Ltd.,+36.27
Duke Offshore Lt,+36.03
Ashoka Buildcon Ltd.,+36.03
Jubilant Industries,+36.03
Gujarat Fluorochem,+35.80
United Drilling Tool,+35.75
Strides Pharma Scien,+35.66
Confidence Finance,+35.56
Munjal Showa Ltd,+35.56
CreditAccess Grameen,+35.48
Triveni Eng.&Ind.Ltd,+35.46
Apcotex Industries L,+35.44
Monnet Ispat & Energ,+35.39
Wendt India,+35.38
Talbros Auto.,+35.21
Scooters India,+35.16
CCL International Lt,+35.06
Nava Bharat Ventures,+35.06
Indian Hotels Co,+34.97
Welspun India,+34.95
Shilchar Technologie,+34.94
Finkurve Financial S,+34.85
India Home Loan,+34.85
Wallfort Financi,+34.84
IndiaMART InterMESH,+34.62
Mercury Laboratories,+34.51
Bhansali Engg.Po,+34.49
Sumeet Industrie,+34.44
Aurionpro Solutions,+34.33
Vasundhara Rasayans,+34.32
NTC Industries,+34.30
Premier Polyfilm,+34.29
Setco Automotive,+34.29
Shiva Global Agro,+34.23
Ankit Metal & Power,+34.18
Vaarad Ventures,+34.15
IFGL Refractories,+34.09
PPAP Automotive,+34.00
Indian Metal & F,+33.99
Vindhya Telelink,+33.83
SMS Lifesciences Ind,+33.83
CeejayFinance,+33.82
Cenlub Industrie,+33.72
The Hi-Tech Gears,+33.66
Technofab Engineerin,+33.64
Virat Crane Indu,+33.53
PNB Housing Finance,+33.51
Remsons Industri,+33.48
IIFL Finance,+33.46
Sportking India,+33.35
Kabra Extrusion,+33.30
HB Estate Devlpr,+33.08
Aditya Ispat,+33.06
Available Finance Lt,+32.77
Ausom Enterprise,+32.76
Zicom Electronic,+32.75
Dr. Habeebullah Life,+32.74
Asian Tea Export,+32.67
K P Energy Ltd.,+32.67
Windsor Machines,+32.65
Universal Cables,+32.64
Dilip Buildcon Ltd.,+32.57
Maestros Electronics,+32.53
Linaks Micro Ele,+32.50
Future Retail L,+32.46
Polymechplast Ma,+32.43
Thirumalai Chem.,+32.23
Bajaj Steel Ind.,+32.00
Yash Man.&Satlt.,+31.99
APL Apollo Tubes,+31.96
GMM Pfaudler Ltd,+31.96
Orissa Minerals Deve,+31.87
Wonderla Holidays Lt,+31.83
Acrysil Ltd.,+31.76
JSW Holdings,+31.74
Barak Valley Cements,+31.69
Chaman Lal Setia,+31.66
Paisalo Digital L,+31.64
Classic Global Fin,+31.58
Zee Media Corp,+31.58
Emkay Global Financi,+31.56
Entertainment Networ,+31.52
Capacit'e Infraproje,+31.43
Multibase India Ltd.,+31.28
JHS Svendgaard Labor,+31.27
Jindal Poly Investme,+31.23
Mas Financial Servic,+31.16
Ruchira Papers Ltd.,+31.08
Kimia Biosciences,+31.03
Swelect Energy Syste,+30.90
Rupa & Company L,+30.89
Subros Ltd.,+30.86
Excel Realty N Infra,+30.85
Indian Toners,+30.82
NGL Fine-Chem Li,+30.82
Mirc Electronics,+30.80
Prestige Estates Pro,+30.77
Saint-Gobain Sekurit,+30.74
HB Portfolio,+30.73
NCL Industries,+30.71
Euro Multivision,+30.67
Creative Casting,+30.65
Mewar Hi-Tech Engine,+30.63
Bharat Forge,+30.48
Waa Solar,+30.43
Cinevista L,+30.37
KPR Mill Ltd.,+30.37
Shivam Autotech Ltd.,+30.30
Mukand Ltd.,+30.27
JSW Steel,+30.22
Orient Bell,+30.20
Kriti Nutrients,+30.14
D-Link (India),+30.11
Dhabriya Polywood,+30.09
Anuh Pharma Ltd,+30.02
PNC Infratech,+30.00
Aries Agro Ltd.,+30.00
Zen Technologies Ltd,+29.95
Ganesh Housing,+29.91
Tips Industries,+29.88
Kavita Fabrics Ltd.,+29.87
Future Lifestyle,+29.85
Cholamandalam Financ,+29.84
RCI Industries & Tec,+29.83
Shanthi Gears,+29.82
Alufluoride Ltd.,+29.77
HIL,+29.75
Hitech Corporation,+29.69
Himatsingka Seid,+29.67
Muthoot Capital,+29.62
Automotive Axles,+29.60
B N Rathi Securities,+29.57
Premco Global Li,+29.53
Shaily Engineering P,+29.48
Shree Ganesh Remedie,+29.47
SKM Egg Produc,+29.43
Kaira Can Co.,+29.34
Innovassynth Investm,+29.31
Dwarikesh Sugar,+29.31
Cords Cable Industri,+29.23
Ashiana Housing Ltd.,+29.20
Palred Technologies,+29.17
Patel Integrated Log,+29.05
Jindal Stainless,+29.00
KIFS Financial Serv,+28.98
Kallam Textiles,+28.97
Ishita Drugs & I,+28.91
Essar Securities,+28.87
PVR Ltd.,+28.83
Mehai Technololgy,+28.76
Datamatics Global Se,+28.72
Nila Spaces L,+28.71
DCW Ltd.,+28.66
Inox Wind Ltd.,+28.65
Agarwal Industrial C,+28.56
GOCL Corporation,+28.55
POCL Enterprises,+28.49
Ginni Filaments,+28.48
KPIT Technologies,+28.42
Maithan Alloys Ltd.,+28.36
Skipper Ltd.,+28.33
Tata Consumer Produc,+28.31
Suven Life Sciences,+28.25
Indo Rama Synth.,+28.23
Mangalam Timber,+28.22
Valiant Communic,+28.21
Steel ExchangeIndia,+28.17
SV Global Mill Ltd.,+28.16
Godrej Industries Lt,+28.00
Universus Photo Imag,+27.98
Dhampure Specialty S,+27.97
Suyog Telematics,+27.94
Paramount Commun,+27.94
Blue Star,+27.90
SAL Steel,+27.86
Everest Organics,+27.69
India Nippon Ele,+27.69
Vikas Ecotech L,+27.63
NHC Foods,+27.52
Shukra Pharma,+27.46
TeamLease Service,+27.33
Diana Tea Compan,+27.26
Delta Corp Ltd.,+27.24
Sanghi Industrie,+27.19
Panama Petrochem,+27.16
Intrasoft Technologi,+27.13
Sterlite Technologie,+27.09
Sandur M & I Ore,+27.07
SE Power,+27.06
Phillips Carbon,+27.06
ISF Ltd.,+26.92
Oswal Green Tech,+26.81
Shah Alloys,+26.79
Arihant Capital,+26.77
Sharda Motor Ind,+26.76
Almondz Global Secur,+26.75
Vardhman Special St,+26.74
APM Finvest,+26.72
Redington (India) Lt,+26.70
Scan Steels,+26.62
Gokaldas Exports,+26.60
Majesco L,+26.56
Anuroop Packaging Lt,+26.38
IST Ltd.,+26.36
HT Media,+26.31
Alexander Stamps,+26.27
Uflex Ltd.,+26.07
JTEKT India,+26.05
Commercial Engineers,+26.03
Techindia Nirman Ltd,+26.01
OCL Iron & Steel,+25.96
Prakash Pipes,+25.93
Ganga Papers India L,+25.92
Precision Wires,+25.89
Inox Leisure,+25.86
Lasa Supergenerics,+25.84
Gabriel India,+25.78
Firstsource Solution,+25.74
Lovable Lingerie Ltd,+25.73
Alps Industries,+25.69
IFB Industries,+25.67
Tube Investments,+25.58
Auro Labs,+25.58
CMI L,+25.57
High Energy Bat.,+25.51
Vaibhav Global,+25.49
Pearl Global Industr,+25.22
Music Broadcast,+25.16
GNA Axles,+25.15
Mold-Tek Packaging,+25.05
Premier Synth.,+25.00
Ram Ratna Wires,+24.92
Indag Rubber,+24.90
Mystic Electronics,+24.88
Arihant Superstructu,+24.82
GE T&D India,+24.76
Jubilant Foodworks L,+24.71
Vidhi Specialty Food,+24.64
Saptarishi Agro,+24.62
Yashraj Containeurs,+24.52
Rishiroop L,+24.51
Prozone Intu Propert,+24.48
Nesco Ltd.,+24.48
Manaksia Aluminium,+24.45
Radhey Trade Holding,+24.41
Jump Networks,+24.27
NRB Industrial Beari,+24.26
Magellanic Cloud,+24.24
IMP Powers,+24.23
Shree Hari Chem.,+24.21
Danube Industries L,+24.20
Vanta Bioscience,+24.07
Ruttonsha Intl.,+24.01
Nagarjuna Agrite,+24.00
Balrampur Chini,+23.98
NIIT Ltd.,+23.95
Ruby Mills,+23.95
Atharv Enterprises,+23.94
Kolte-Patil Develope,+23.92
Ansal Housing L,+23.91
Shyam Century Ferro,+23.84
Eros International M,+23.84
Chalet Hotels L,+23.79
Mazda Ltd.,+23.78
Punjab Chemicals and,+23.78
Parag Milk Foods,+23.69
CL Educate,+23.68
Divi's Lab,+23.66
Future Enterprises,+23.62
Vardhman Textiles Lt,+23.56
Neogen Chemicals,+23.54
Talbros Engineering,+23.53
Rasi Electrodes,+23.53
SSPDL Ltd.,+23.50
Jay Bharat Marut,+23.44
Indo Amines Limi,+23.42
Saboo Sodium Ch,+23.42
Shirpur Gold Refiner,+23.38
Arman Financial Serv,+23.33
Vascon Engineers Ltd,+23.32
Welspun Corp,+23.31
HFCL,+23.29
SVP Global Ventures,+23.26
Rajratan Global Wire,+23.24
PTL Enterprises,+23.16
Wall Street Fina,+23.16
Cimmco,+23.16
HKG Ltd,+23.14
Visaka Indus.,+23.12
State Trading,+23.11
Allcargo Logistics,+23.09
Neuland Laborat,+23.08
Rolta India,+23.05
Menon Pistons Li,+23.00
AK Capital Services,+23.00
Fermenta Biotech,+22.96
JK Agri Genetics Ltd,+22.93
Ravindra Energy Ltd.,+22.86
VMS Industries Ltd.,+22.84
Morarjee Textiles Li,+22.81
JBM Auto,+22.79
AMD Industries Ltd.,+22.78
Eastern Silk Indust.,+22.73
Mini Diamonds,+22.69
YES Bank Ltd.,+22.68
Greenpanel Industrie,+22.65
Force Motors,+22.64
InterGlobe Aviation,+22.63
Royal Orchid Hotels,+22.60
Shriram EPC Ltd.,+22.60
Allied Digital Servi,+22.49
Vinyl Chemicals,+22.47
V2 Retail,+22.47
RSWM Ltd.,+22.45
Indiabulls Real Esta,+22.40
Nile,+22.31
Somany Ceramics Ltd.,+22.31
Amines & Plast.,+22.30
B C Power Controls L,+22.30
Somany Home Innovat,+22.27
Kushal L,+22.25
Visa Steel,+22.20
Honeywell Automation,+22.07
OnMobile Global Ltd.,+22.07
BCL Industries,+22.03
Sastasundar Ventures,+22.02
TCI Ltd.,+22.01
Nila Infrastructures,+22.00
Vishnu Chemicals,+21.99
Shilp Gravures L,+21.96
Mahindra Logistics L,+21.91
Mahindra CIE Auto,+21.88
Mayur Uniquoters,+21.82
KDDL Ltd.,+21.81
Jaipan Industrie,+21.80
Tata Power Co.,+21.80
Bambino Agro Ind,+21.79
Essel Propack Ltd.,+21.72
Rathi Bars Ltd.,+21.69
Indosolar Ltd.,+21.67
Arshiya,+21.63
Chemcrux Enterprises,+21.62
Sumedha Fiscal S,+21.59
Hind. Oil Explor,+21.59
Jayshree Tea,+21.45
HOV Services Ltd.,+21.44
Lotus Chocolate,+21.43
Hardwyn India,+21.38
Kirloskar Elect,+21.34
MarathonNextgenRea,+21.26
Piccadily Agro I,+21.21
GlobalSpace Techno,+21.21
Man Industries I,+21.19
Manali Petrochem,+21.11
Solara Active Pharma,+21.09
Brigade Enterprises,+21.09
NOCIL Ltd.,+21.07
Elecon Engg.,+21.01
Onelife Capital Adv,+20.95
Padmanabh Industries,+20.93
Sandu Pharmaceut,+20.92
AGI Infra Ltd.,+20.91
Laurus Labs,+20.88
Amber Enterprises,+20.87
Mastek Li,+20.80
Sun TV Network Ltd.,+20.74
Bharat Immunolog,+20.74
SNL Bearings Ltd.,+20.72
Salzer Electr.,+20.67
Himadri Speciality,+20.65
JSW Energy Ltd.,+20.65
Kernex Microsystems,+20.61
Camlin Fine Sciences,+20.57
Williamson Magor,+20.51
IndusInd Bank,+20.51
Foseco India Lim,+20.49
Power Finance Co,+20.49
Banaras Beads Li,+20.48
Avonmore Capital,+20.45
Pioneer Investco,+20.43
UFO Moviez India Ltd,+20.42
G G Engineering,+20.38
Ind-Swift L,+20.37
Asahi India Glass,+20.37
Baba Arts,+20.34
Biofil Chemicals,+20.31
Kohinoor Foods Ltd.,+20.31
TCNS Clothing,+20.29
Kalyani Forge,+20.28
MothersonSumiSystems,+20.26
Insecticides (India),+20.25
Ortin Laborator.,+20.24
Econo Trade (India),+20.24
Educomp Solutions,+20.21
ITD Cementation Indi,+20.20
CIL Securities L,+20.11
Arvind SmartSpaces,+20.10
Parsvnath Developers,+20.08
Agro Tech Foods Ltd.,+20.01
Ashima Ltd.,+20.00
AYM Syntex,+20.00
Polyspin Exports,+19.95
Mold-Tek Technologi.,+19.91
JMC Projects,+19.91
Joindre Capital,+19.90
Wanbury,+19.87
Pankaj Piyush Trade,+19.85
Crest Ventures,+19.85
Rain Industries,+19.85
Ahluwalia Contra,+19.82
Hind. Composites,+19.78
VST Tillers Tr,+19.78
Eldeco Housing &,+19.71
Mangalam Organics,+19.71
Prima Agro Ltd.,+19.70
Cholamandalam Invest,+19.68
Sadbhav Engineering,+19.65
Arvind Ltd.,+19.65
Virinchi L,+19.64
NDR Auto Components,+19.62
Oricon Enterprises L,+19.59
Nagreeka Exports,+19.58
P&G Health,+19.58
VMV Holidays Ltd.,+19.57
Bedmutha Industries,+19.51
Arrow Greentech,+19.51
Frontier Springs,+19.51
TD Power Systems Ltd,+19.45
BLS International Se,+19.45
Sundaram Finance,+19.44
Tata Coffee Ltd.,+19.37
Jyoti Resins & A,+19.35
Sical Logistics,+19.35
Filatex Fashions,+19.34
Uttam Sugar Mills,+19.34
Zenlabs Ethica,+19.33
Mawana Sugars Ltd.,+19.30
Pitti Engineering,+19.30
Shalimar Paints,+19.25
WelspunInvestments,+19.23
Trejhara Solutions L,+19.20
Premier Explos.,+19.17
Golkunda Diamond,+19.16
Ind Bank Housing,+19.16
OM Metals Infraproje,+19.13
Navketan Merchants,+19.05
Jindal Hotels,+19.05
Rishabh Digha St,+19.03
Century Plyboards,+19.03
Ador Fontech Ltd,+19.01
Lypsa Gems & Jewell,+18.97
Autoline Industries,+18.96
Morepen Labs.Lt,+18.95
GIC Housing Fi,+18.92
AXISCADES Engineer,+18.90
Lemon Tree Hotels,+18.90
Jyothy Labs,+18.88
Niyogin Fintech,+18.84
PG Electroplast Ltd.,+18.82
GHCL,+18.81
Monarch Networth Cap,+18.81
RS Software (India),+18.81
H P Cotton Textiles,+18.75
Inspirisys Solutions,+18.75
Indiabulls Integrate,+18.67
Automotive Stampings,+18.64
Raymond Ltd,+18.62
Mahindra Lifespace D,+18.62
Satia Industries,+18.60
Bampsl Securitie,+18.57
Granules India L,+18.57
PMC Fincorp,+18.52
Jindal Poly Films,+18.50
Kirloskar Oil Engine,+18.48
Vardhman Polytex,+18.48
Cineline India,+18.46
Dhampur Sugar,+18.46
Mercantile Ventures,+18.42
Hindalco Indus.,+18.32
Jagan Lamps,+18.31
Austin Engg. Co.,+18.31
DCM Ltd.,+18.28
Banco Products,+18.26
Fine Organic Indus,+18.22
Soma Textiles,+18.18
Hindustan Media Vent,+18.15
Atul Ltd.,+18.10
Lumax Inds.,+18.00
Jindal St & Pwr,+17.95
Apollo TriCoat Tubes,+17.94
PBM Polytex,+17.89
Mercator Ltd.,+17.86
Sobha,+17.85
IDFC First Bank,+17.79
Shree Renuka Sugars,+17.78
Roto Pumps Ltd,+17.78
Marksans Pharma,+17.78
KNR Constructions,+17.75
The Anup Engineering,+17.71
Fraser & Company,+17.71
Mukand Engineers,+17.71
GTN Industries,+17.69
Kirloskar Ferrou,+17.66
Kesoram Industri,+17.66
Vikas WSP,+17.61
Steel Authority,+17.60
Intellect Design,+17.60
Sunflag Iron,+17.56
Rana Sugars,+17.54
Venus Remedies L,+17.53
A2Z Infra Engineer,+17.53
Emmessar Biotech,+17.38
Igarashi Motors Indi,+17.34
TVS Electronics,+17.34
Gulf Oil Lubricants,+17.33
Asian Hotels (North),+17.26
Goblin India,+17.26
Minda Industries,+17.26
Kalpataru Power,+17.25
Tata Steel Long Prod,+17.23
J Kumar Infraproject,+17.23
Ishan Dyes & Che,+17.19
Luharuka Media & Inf,+17.19
Oriental Trimex,+17.16
Swaraj Engines,+17.11
Lincoln Pharmace,+17.09
BCL Enterprises,+17.09
Apollo Pipes,+17.05
Vertex Securitie,+17.05
Divya Shakthi Gr,+17.00
Keltech Energies,+16.93
Titan Securities,+16.84
Kanpur Plasti.,+16.83
Prism Johnson,+16.82
Polyplex Corpn.,+16.75
Genus Power Infrastr,+16.74
BF Utilities Ltd.,+16.74
Lakshmi Auto Lm.,+16.73
Sutlej Textiles & In,+16.71
Tera Software,+16.70
Mangal Credit & Fin,+16.62
Tata Elxsi Ltd.,+16.57
Welspun Enterprises,+16.56
Enkei Wheels (India),+16.56
Tata Steel,+16.54
Hind. Food,+16.51
Gandhi Special,+16.49
Sintex Industrie,+16.48
Caplin Point Lab,+16.40
Cyient Ltd.,+16.39
Advani Hotels,+16.38
Triton Valves,+16.38
La Tim Metal & Ind,+16.31
Lux Industries,+16.31
Tamilnadu Petroprod,+16.28
Inditrade Capital,+16.28
Kewal Kiran Clothing,+16.26
Schneider Electric,+16.25
Ajmera Realty & Infr,+16.22
Vedanta,+16.20
NBCC (India),+16.16
Surana Solar,+16.14
Nitco Ltd.,+16.05
Rane Holdings Ltd.,+16.00
Jain Irrigation,+15.94
Goenka Business,+15.94
Gujarat Narmada Vall,+15.93
Supreme Petroche,+15.93
Endurance Technologi,+15.91
Maha. Seamless,+15.91
Adani Gas,+15.88
Vision Corporation,+15.87
Yash Pakka,+15.87
Heritage Foods,+15.83
NCC,+15.81
Praj Industries,+15.79
TIL Ltd.,+15.79
KEI Industries,+15.78
Cummins India Lt,+15.78
Siyaram Silk,+15.77
Timken India Ltd,+15.77
Sonata Software,+15.72
LIC Housing Fi,+15.72
City Union Bank,+15.57
Suryalakshmi Cot,+15.56
Metropolis Healthcar,+15.53
Guj. Raffia Indu,+15.50
Newgen Software Tech,+15.46
Shreyans Inds.,+15.46
Repco Home Finance L,+15.42
Superior Finlease,+15.40
Stylam Industries,+15.38
Astra Microwave,+15.37
Avadh Sugar & Energy,+15.33
Crown Tours,+15.27
Deccan Health Care,+15.26
Asian Paints Ltd.,+15.24
Techno Electric&Eng,+15.23
Astec Lifesciences L,+15.22
IM+ Capitals,+15.20
Astral Poly Technik,+15.18
Arvind Fashions,+15.16
Take Solutions Ltd.,+15.16
India Tourism De,+15.14
Walchand Peoplefirst,+15.11
Asso. Alcohols,+15.09
Mehta Integrated,+15.08
Kanoria Chemical,+15.06
HPL Electric & Power,+15.05
Triveni Turbine,+14.98
Avantel Ltd.,+14.97
Resonance Spec.,+14.97
Vipul Ltd.,+14.94
Banswara Syntex,+14.92
NMDC Ltd.,+14.92
Manaksia Ltd.,+14.91
KEC International Lt,+14.85
Tijaria Polypipes Lt,+14.85
Nahar Spg Mills,+14.85
Mahindra Holidays,+14.84
Gorani Industrie,+14.83
Bombay Dyeing,+14.83
Bannari Amman Spinni,+14.83
Hatsun Agro Prod,+14.79
Meghmani Organics,+14.79
Aanchal Ispat Ltd.,+14.79
Aditya Birla Capital,+14.79
Tiaan Ayurvedic & He,+14.78
Tata Steel BSL,+14.77
P G Foils Ltd,+14.77
Avanti Feeds Lim,+14.76
Birla Cable,+14.75
Goenka Diamond & Jew,+14.71
Dhruv Consultancy,+14.71
Munjal Auto Industr.,+14.70
Prataap Snacks,+14.68
Chemfab Alkalis,+14.68
T T Ltd.,+14.67
Titagarh Wagons Ltd.,+14.67
National Fittings,+14.66
NTPC,+14.63
DCB Bank,+14.62
Linde India,+14.61
GFL L,+14.59
Great Eastern,+14.54
West Coast Paper,+14.54
Shivalik Bimetal,+14.52
Lambodhara Texti,+14.50
Trent Ltd.,+14.50
Ganesha Ecosphere,+14.49
TCFC Finance Ltd,+14.46
Brooks Laboratories,+14.41
CSB Bank,+14.38
Parabolic Drugs Ltd.,+14.34
Camex Ltd.,+14.34
Dredging Corpora,+14.33
Vadilal Indus.,+14.32
Akar Auto Industries,+14.29
Facor Alloys Ltd.,+14.29
Indian Infotech,+14.29
Centrum Capital,+14.29
Superhouse Ltd.,+14.26
National Plastic,+14.25
Olectra Greentech,+14.24
Electrotherm (In,+14.23
Emmbi Industries,+14.23
Puravankara,+14.22
Kavit Industries,+14.21
Cosco (India),+14.16
Asian Hotels (East),+14.07
IndiaNivesh,+14.05
TVS Motor Co. Ltd.,+14.01
DLF Ltd.,+14.00
Maral Overseas,+13.96
Denis Chem Lab L,+13.93
Quick Heal Technolog,+13.92
SBI,+13.92
Nandan Denim,+13.92
Future Market Net,+13.91
KG Petrochem Ltd.,+13.86
Inani Marbles &,+13.85
Hester Biosciences L,+13.84
TV Today Network Ltd,+13.82
Uni Abex Alloys,+13.75
Richa Industries Ltd,+13.75
Super Tannery,+13.74
FAZE THREE Autofab,+13.72
Guj. Amb.Exports,+13.71
Compucom Softwr,+13.70
Bajaj Electricals,+13.63
Ester India,+13.60
Aban Offshore,+13.59
National Alumini,+13.59
Shiva Texyarn Ltd.,+13.59
Godavari Drugs,+13.59
Responsive Industrie,+13.58
Bang Overseas Ltd.,+13.56
Samrat Pharma,+13.51
Pankaj Polymers,+13.50
Indo Borax,+13.50
Precision Camshafts,+13.49
Future Consumer,+13.45
Tata Communications,+13.43
RBL Bank,+13.43
Orient Refractories,+13.43
Atul Auto Ltd,+13.42
SundaramBrakeLining,+13.41
Tarmat L,+13.40
Lakshmi Machines,+13.39
Vitesse Agro L,+13.39
Graphite India Ltd.,+13.38
ACCEL L,+13.35
Royale Manor Hot,+13.33
Sanblue Corporation,+13.29
Safari Indus.,+13.27
Jetking Infotrain Lt,+13.26
Revathi Equipment Lt,+13.26
Suprajit Enginee,+13.25
GSS Infotech,+13.22
Adani Transmission L,+13.21
Orbit Exports Li,+13.18
Competent Automo,+13.16
Zenotech Laboratorie,+13.14
Tree House Education,+13.13
Hind Rectifiers,+13.12
Kesar Petroprod.,+13.11
STL Global Ltd.,+13.10
Sankhya Info,+13.07
Riga Sugar Company,+13.05
Master Trust Ltd.,+13.04
PTC India,+13.03
Menon Bearings L,+13.01
Paramount Cosmet,+13.00
Ratnamani Metals,+12.99
Deccan Cements,+12.96
Transwarranty Financ,+12.96
Apollo Tyres,+12.96
Freshtrop Fruits,+12.96
Guj. Mineral Dev,+12.93
Inventure Growth & S,+12.93
Sanghvi Movers L,+12.92
Cochin Minerals,+12.88
Shalby,+12.87
Orient Abrasives,+12.87
TCI Developers Ltd.,+12.83
Hilton Metal Forging,+12.83
Vadilal Enterprises,+12.82
Hindusthan Urban Inf,+12.81
Birla Tyres,+12.80
IFB Agro Indus,+12.80
Bhagyanagar India Lt,+12.79
Porwal Auto Comp,+12.79
Aro Granite Indu,+12.79
Arcotech Ltd.,+12.77
Jayaswal Neco Indust,+12.76
ICICI Bank,+12.74
Dhunseri Ventures,+12.70
Jindal Saw,+12.67
IO System Ltd.,+12.67
Compuage Infocom Ltd,+12.60
Advanced Enzyme Tech,+12.59
DIC India,+12.57
Axis Bank Ltd.,+12.57
Chembond Chemica,+12.54
Excel Industries,+12.53
S H Kelkar & Company,+12.53
Suryachakra Power Co,+12.50
Tamboli Capital,+12.50
Kanchi Karpooram,+12.46
Manugraph India Ltd.,+12.45
Bharat Electroni,+12.44
TTK Healthcare Ltd.,+12.41
Unick Fix-A-Form,+12.37
Kansai Nerolac Paint,+12.33
Sandesh,+12.29
Texmo Pipes & Produc,+12.28
Dollar Industries,+12.25
Hercules Hoists,+12.23
Zeal Aqua,+12.22
Thangamayil Jeweller,+12.16
Subex Ltd.,+12.15
Goodluck India,+12.13
Gujarat Apollo Indus,+12.12
SMIFS Capital Ma,+12.12
Monte Carlo Fashions,+12.11
Grauer & Weil,+12.11
Arfin India,+12.10
Hero MotoCorp,+12.10
Grandeur Products,+12.09
Sterling and Wilson,+12.07
Bajaj Finance L,+12.06
GPT Infraprojects,+12.01
Hubtown,+12.00
Oriental Hotels,+11.99
Autolite (I),+11.94
SinclairsHotels,+11.91
Karda Constructions,+11.91
Mukesh Babu Fina,+11.89
Pressman Advertising,+11.85
HEG Ltd.,+11.82
SAL Automotive,+11.80
Celebrity Fashions L,+11.76
CESC Ltd.,+11.74
Patels Airtemp,+11.72
Uniply Decor,+11.69
Cera Sanitaryware L,+11.68
Kakatiya Cement Suga,+11.65
Apex Frozen Foods,+11.64
Karur Vysya Bank,+11.63
Dynacons Systems,+11.60
Guj. Alkalie & C,+11.57
Plastiblends Ind,+11.56
Jammu & Kashmir Bank,+11.53
Minda Corporation,+11.51
Aegis Logistics Ltd.,+11.50
Karnataka Bank,+11.46
VRL Logistics Ltd.,+11.46
Coral India Finance,+11.44
Adani Ports & Speci,+11.44
Aptech Ltd.,+11.34
Rane Brake Lining Lt,+11.32
Lotus Eye Hospital,+11.32
LGB Forge Ltd.,+11.30
Indian Bank,+11.30
Tata Investment,+11.29
HSIL Ltd.,+11.27
Steel Strips Wheels,+11.26
Jayant Agro Org,+11.25
Shoppers Stop,+11.25
Time Technoplast Ltd,+11.25
Orient Electric,+11.25
Pro Fin Capital Serv,+11.25
Zuari Global,+11.24
Cigniti Technologies,+11.24
Navin Fluorine Inter,+11.24
Nahar Indust.Ent,+11.22
BNK Capital Mark,+11.19
Sandhar Technologies,+11.16
Zee Learn Ltd.,+11.14
Tata Metaliks,+11.13
La Opala RG Ltd.,+11.10
Texmaco Rail & Engin,+11.09
REC,+11.08
Alembic Ltd.,+11.04
Tourism Finance,+11.00
Blue Chip Tex In,+10.99
ANG Lifesciences Ind,+10.98
ARSS Infrastructure,+10.98
Swastika Investmart,+10.95
ICRA Ltd.,+10.94
63 Moons Technologie,+10.93
SBI Cards and Pay,+10.93
Bank of India,+10.93
Stovec Indus.,+10.93
Future Supply Chain,+10.89
Dolat Investment,+10.88
LG Balakrishnan&Bros,+10.88
India Gelatine &,+10.86
HBL Power Systems Lt,+10.85
Indo Count Inds.,+10.77
Indian Hume Pipe,+10.76
SREI Infrastructure,+10.75
AIA Engineering,+10.74
Garnet Construct,+10.74
Tuni Textile Mil,+10.71
Som Distilleries,+10.71
Ansal Properties & I,+10.71
Agri-Tech (India),+10.70
Expo Gas Contain,+10.66
Ace Men Engg Works,+10.66
Maruti Suzuki India,+10.64
Radico Khaitan Ltd.,+10.64
IFCI Ltd.,+10.63
Victoria Mills,+10.62
Radhe Developers,+10.61
Digjam L,+10.61
Equitas Holdings Ltd,+10.58
L&T Finance Holdings,+10.58
Rico Auto Inds.,+10.56
Hind Aluminium Indus,+10.56
Beekay Steel Indus,+10.55
Poona Dal & Oil,+10.53
APM Industries,+10.53
Raj Television Netwo,+10.50
Rexnord Electron,+10.49
HG Infra Engineering,+10.46
RPP Infra Projects L,+10.45
National Plywood Ind,+10.45
Geojit Financial,+10.44
Selan Exploratio,+10.42
PNB Gilts Ltd.,+10.41
Tribhovandas Bhimji,+10.38
Nelcast Ltd.,+10.38
BASF India Lt,+10.37
Jhandewalas Foods,+10.34
Signet Industries,+10.34
Cheviot Co Ltd,+10.32
Commercial Syn Bags,+10.29
Asian Granito India,+10.21
Navkar Corporation L,+10.20
Oberoi Realty,+10.19
Pil Italica Lifestyl,+10.17
Schaeffler India,+10.08
Action Construction,+10.05
AVT Natural Prod,+10.01
Sagarsoft (India),+10.00
Amraworld Agrico Ltd,+10.00
Vandana Knitwear,+10.00
Solar Industries Ind,+9.99
NACL Industries L,+9.97
Vesuvius India,+9.93
Voltamp Transformers,+9.90
Rail Vikas Nigam,+9.87
Kamdhenu Ispat,+9.85
Modex Internatio,+9.80
Kennametal India,+9.80
Novateor Research,+9.80
Alkali Metals Ltd.,+9.80
Savita Oil Tech,+9.79
Adani Power Ltd.,+9.76
Milk Food,+9.75
Kalyani Investment,+9.73
Peninsula Land L,+9.73
TCI Express,+9.72
Bank of Maharash,+9.72
Amal Ltd.,+9.70
KCP Sugar & In,+9.70
VIP Indus.,+9.68
Upsurge Investme,+9.67
Mirza International,+9.66
Modern Dairies,+9.66
Mayukh Dealtrade,+9.62
Akzo Nobel India,+9.60
R Systems Internat.,+9.58
TRF Ltd,+9.55
SKF India,+9.54
Federal-Mogul Goetze,+9.51
Ansal Buildwell,+9.51
Bhageria Industries,+9.50
Finolex Industri,+9.49
Choksi Lab. Ltd,+9.46
Kokuyo Camlin,+9.45
SMS Pharmaceuticals,+9.45
Gateway Distriparks,+9.44
SRF Ltd.,+9.42
ITL Industries,+9.41
Prism Medico and Pha,+9.36
Sudarshan Chem.,+9.36
Sundaram Clayton,+9.36
Pfizer Ltd.,+9.30
Eco Recycling,+9.29
Saksoft Ltd.,+9.29
Waterbase Ltd.,+9.27
WPIL Ltd.,+9.27
Shemaroo Entertainme,+9.27
T Nadu Newsprint,+9.24
Filatex India,+9.23
HDFC Bank,+9.17
Garware Tech. Fibres,+9.17
Brahmaputra Infra,+9.16
Hisar Metal Indu,+9.15
Umang Dairies Ltd.,+9.15
GMR Infrastructure L,+9.13
RTS Power Corpor,+9.13
Bharat Bhushan Fin.,+9.12
Dhunseri Investments,+9.10
SEL Manufacturing Co,+9.09
Sahyadri Industries,+9.07
Vivanta Industries,+9.06
VLS Finance L,+9.06
Magna Electrocas,+9.05
Liberty Shoes Li,+9.04
NRB Bearings Lim,+9.04
CNI Research Ltd.,+9.02
Sukhjit Starch &,+9.02
Pudumjee Paper Produ,+9.02
GlaxoSmithKline Phar,+9.01
Golden Tobacco Ltd.,+9.00
GTPL Hathway,+8.96
Parnax Lab L,+8.91
Walchandnagar,+8.90
Lehar Footwears,+8.89
NLC India L,+8.89
GeeCee Ventures,+8.88
Sarla Performance Fi,+8.86
Energy Developme,+8.83
Damodar Industries,+8.78
Dr. Agarwal's Ey,+8.74
Kama Holdings Ltd.,+8.72
Krypton Ind.,+8.71
Transcorp Inter,+8.71
DHP India Ltd.,+8.70
Aavas Financiers,+8.67
Winsome Textile,+8.67
Kajaria Ceramics,+8.62
Asian Oilfield S,+8.60
Kabsons Industries,+8.59
Gravita India Ltd.,+8.59
Avenue Supermarts,+8.58
Burnpur Cement Ltd.,+8.53
Deepak Nitrite,+8.53
Praxis Home Retail L,+8.52
BAG Films & Media,+8.51
Universal Starch,+8.48
Indo National,+8.47
Suven Pharmaceutical,+8.45
Fervent Synergies L,+8.45
Punj. NationlBak,+8.44
Shipping Corpn.,+8.43
Spicejet Ltd.,+8.33
Easun Reyrolle L,+8.33
Linc Pen & Plast,+8.31
Gujarat Gas,+8.31
Radix Industries,+8.27
Cupid Ltd.,+8.25
CSL Finance,+8.24
Radha Madhav Corpora,+8.24
Indiabulls Housing F,+8.24
BEML Ltd.,+8.24
Archies Ltd.,+8.22
Crisil,+8.22
India Motor Part,+8.18
WEP Solutions,+8.18
Crompton Greaves Con,+8.17
Centum Electronics L,+8.16
SBC Exports,+8.15
AstraZeneca Pharma I,+8.13
SRG Housing Finance,+8.11
Dixon Technologies,+8.09
Indowind Energy Ltd.,+8.07
Vardhman Holdings,+8.06
Goyal Associates,+8.00
Lahoti Overseas,+8.00
MPS Ltd.,+7.98
Bervin Investmen,+7.95
MOIL Ltd.,+7.95
Aditya Birla Fashion,+7.95
Sreeleathers Ltd.,+7.93
Zensar Technologies,+7.92
CCL Products India,+7.92
Hind. Zinc,+7.92
Rushil Decor Ltd.,+7.89
AMJ Land Holdings L,+7.88
Best Agrolife,+7.86
Grasim Inds.,+7.86
Wockhardt Ltd.,+7.85
Kamat Hotels (In,+7.84
Relaxo Footwears,+7.76
LKP Securities,+7.76
Max Financial Servic,+7.74
Rane (Madras),+7.73
Welcast Steels,+7.69
Jaiprakash Power Ven,+7.69
ADF Foods Ltd.,+7.68
Kothari Products,+7.68
Gokul Refoils & Solv,+7.67
Alpa Laboratories Lt,+7.65
Gensol Engineering,+7.65
Khaitan Chemical,+7.65
Harrisons Malaya,+7.63
Varun Beverages Ltd.,+7.56
Bajaj HindusthanSuga,+7.55
GSFC,+7.55
Century Textiles,+7.52
Ugar Sugar Works,+7.48
Glenmark Pharma,+7.47
Contil India,+7.46
Gayatri Projects,+7.46
NHPC,+7.41
Gujarat Pipavav Port,+7.40
Sir Shadilal Ent,+7.34
Kiri Industries,+7.29
Rane Engine Valve Lt,+7.24
Bharat Heavy Ele,+7.23
Everest Industries L,+7.17
Havells India,+7.14
Ipca Laboratorie,+7.12
JM Financial Ltd.,+7.07
Carborundum Uni.,+7.07
Lykis L,+7.07
Thyrocare Tech.,+7.05
GTL Infrastructure,+7.04
PC Jeweller L,+7.02
India Glycols,+6.99
Blue Dart Expres,+6.99
DB Corp,+6.98
Titan Company,+6.98
Nettlinx Ltd.,+6.98
Garware Marine,+6.97
Kridhan Infra,+6.96
Hind. Motor,+6.96
Tech Mahindra,+6.93
TAAL Enterprises,+6.92
Vikas Proppant & Gra,+6.92
RPG Life Sciences,+6.85
HUDCO,+6.85
Cybertech System,+6.83
Gloster L,+6.83
Birla Precision Tech,+6.81
Polycab India,+6.80
Exide Inds.,+6.79
Indian Energy Exchan,+6.77
Adhunik Industries,+6.75
Calcom Vision,+6.75
Harita Seating Syst.,+6.72
Pix Transmission,+6.72
Dhanlaxmi Bank,+6.71
Shakti Pumps (In,+6.70
Gala Global Products,+6.70
Cantabil Retail Indi,+6.69
Khadim India,+6.67
Narbada Gems & Jewel,+6.67
Prakash Steelage Ltd,+6.67
Lyka Labs,+6.63
Electrosteel Cas,+6.59
Huhtamaki PPL,+6.58
SML Isuzu Ltd.,+6.57
ICICI Securities,+6.55
Sterling Tools L,+6.55
K Z Leasing & Financ,+6.55
Tin Plate Co.,+6.55
Astron Paper & Board,+6.53
20 Microns Ltd.,+6.49
Ebixcash World Money,+6.49
UPL,+6.47
HLV L,+6.46
Donear Industrie,+6.44
LT Foods Ltd.,+6.44
N R Agarwal Indu,+6.39
Empire Inds.,+6.37
MindTree Ltd.,+6.34
Borosil L,+6.33
Vishwaraj Sugar Ind,+6.32
Jindal Drilling,+6.31
IL&FS Investment Man,+6.27
Valson Ind. Ltd.,+6.25
ABB India,+6.24
Kisan Mouldings,+6.24
Integra Engineering,+6.22
Gati Ltd.,+6.18
Phoenix Mills,+6.16
Transgene Biotek,+6.16
Himalaya Food Inter,+6.15
Hind.ConstructionCo.,+6.14
PI Industries,+6.11
Thomas Cook (I),+6.11
Galaxy Surfacta.,+6.11
Gennex Laboratories,+6.10
Country Club Hospita,+6.10
Refnol Resins &,+6.09
Sree Rayalaseema Hi-,+6.08
Cerebra Integrat,+6.06
Jagsonpal Pharma,+6.03
Hexaware Technologie,+6.02
Texmaco Infrastructu,+6.00
Godrej Agrovet L,+6.00
Chordia Food Product,+5.98
BPL Ltd.,+5.96
Saven Technologies L,+5.96
Shervani Ind.Syn,+5.94
Speciality Restauran,+5.92
James Warren Tea,+5.91
Gillette India Ltd.,+5.88
Apar Industries,+5.87
DCM Shriram,+5.86
Goa Carbons,+5.85
Voltas Ltd.,+5.85
Vodafone Idea L,+5.83
Jiya Eco Products Lt,+5.83
United Breweries Ltd,+5.82
Narayana Hrudayalaya,+5.82
Aarti Ind. Ltd,+5.81
Genus Paper & Boards,+5.79
Nahar Capital & Fina,+5.76
Vamshi Rubber Li,+5.71
KCP Ltd.,+5.69
SJVN Ltd.,+5.67
Pennar Industrie,+5.66
Shree Steel Wire,+5.65
Greenply Industr,+5.57
TVS Srichakra Lt,+5.56
Ajanta Soya Ltd.,+5.56
Akashdeep Metal Ind.,+5.56
IIFL Securities,+5.56
Ashika Credit Cap.,+5.56
Abbott India Ltd.,+5.54
Dynamic Industri,+5.53
Sakuma Exports,+5.53
PSP Projects,+5.52
Gujarat Natural Res,+5.48
Prime Property Devel,+5.46
Johnson Controls-Hit,+5.44
Nicco Parks & Re,+5.44
Snowman Logistics Lt,+5.42
Swadeshi Industr,+5.41
Simmonds Marshal,+5.41
Paushak Ltd.,+5.41
Ducon Infratech,+5.41
Aditya Birla Money L,+5.39
Hardcastle & Waud,+5.38
Brawn Biotech,+5.38
Max Ventures and Ind,+5.38
Dalmia Bharat Sugar,+5.36
Canara Bank,+5.35
Lloyds Steels Ind.,+5.33
Pradeep Metals,+5.29
Control Print Ltd.,+5.28
Quadrant Televenture,+5.26
Ponni Sugars (Erode),+5.26
Guj. Industries,+5.25
Ujjivan Financial,+5.22
Deccan Gold Mines,+5.21
Nihar Info Global Lt,+5.21
Anjani Portland,+5.21
Bilcare Ltd.,+5.20
Virat Industries,+5.19
Ramco Industries,+5.17
Sequent Scientific,+5.16
Bombay Burmah,+5.15
Terai Tea Compan,+5.11
PDS Multi. Fashions,+5.11
Kaya L,+5.09
Choice Internati,+5.08
Berger Paints I,+5.06
SPL Industries L,+5.06
Basant Agro Tech,+5.05
Reliance Chemote,+5.04
Tokyo Plast Inte,+5.00
Sicagen India,+5.00
Trescon L,+5.00
Jai Corp Ltd.,+4.97
Conart Engineers,+4.94
Smartlink Holdings,+4.87
Jagran Prakashan,+4.84
Solitaire Machin,+4.76
Pidilite Inds.,+4.71
Mahindra EPC Irrigat,+4.67
Sundaram Fasten.,+4.63
Eveready Industr,+4.62
RDB Rasayans Ltd.,+4.62
Benares Hotels,+4.55
Kotak Mahindra Bank,+4.55
JaiprakashAssociates,+4.53
Tejas Networks,+4.53
Anik Industries,+4.53
Can Fin Homes,+4.52
Shankara Building Pr,+4.52
Global Vectra Helico,+4.50
Guj. Containers,+4.50
Shreyas Shipping & L,+4.48
L&T,+4.47
Gallantt Metal,+4.46
Bharat Bijlee,+4.45
Rapicut Carbides,+4.42
Alkem Laboratories,+4.40
Ador Welding Ltd.,+4.39
South Indian Ban,+4.35
The Yamuna Syndicate,+4.34
Supreme Inds.,+4.33
Vimta Labs Ltd.,+4.33
Sangam India Ltd,+4.31
Jost's Engg.,+4.29
Amrutanjan Health Ca,+4.28
Sasken Technologies,+4.26
Confidence Petroleum,+4.24
Dutron Polymers,+4.24
Godfrey Phillips Ind,+4.23
Saregama India Ltd.,+4.23
Finolex Cables,+4.23
Pritika Auto Ind.,+4.23
Rubra Medicament,+4.21
Balmer Lawrie &,+4.20
Tata Teleservices (M,+4.20
N G Industries Ltd.,+4.19
Uttam Value Steels,+4.17
Persistent Systems,+4.17
Intl. Coveyors,+4.15
Torrent Power Ltd.,+4.15
Deepak Fertilisers,+4.14
Zuari Agro Chemicals,+4.13
Super Crop Safe,+4.13
Satin Creditcare,+4.10
Eimco Elecon Ind,+4.10
Amrit Corp. Ltd.,+4.08
Sadbhav Infrastructu,+4.05
D B Realty Ltd.,+4.04
Guj. Hotels Ltd.,+4.03
Sanofi India,+4.02
Jindal Photo,+4.00
Standard Indust,+4.00
Elixir Capital,+3.99
Weizmann,+3.99
Kirloskar Industries,+3.97
Accelya Solutions In,+3.95
Thirani Projects,+3.95
VST Industries,+3.94
Tirupati Sarjan,+3.93
Indo Thai Securities,+3.92
Precision Elect.,+3.90
Poddar Pigments,+3.89
Tide Water Oil,+3.87
Hikal Ltd.,+3.87
Indl.&Prud.Invst,+3.85
Videocon Industries,+3.83
G M Breweries Ltd.,+3.82
Country Condo's,+3.82
Thermax,+3.81
Sibar Auto Parts,+3.80
Info Edge (India),+3.77
KMC Speciality Hospi,+3.76
HDFC,+3.75
Greenlam Industries,+3.73
Nitin Spinners,+3.72
Grindwell Norton,+3.68
Khoday India,+3.67
Haryana Capfin Ltd.,+3.67
Union Bank of In,+3.62
Zydus Wellness Ltd.,+3.61
Amin Tannery L,+3.61
Cressanda Solutions,+3.57
Polson Ltd.,+3.55
Jeevan Scientific,+3.54
J B Chemicals & Phar,+3.49
Mishra Dhatu Nig,+3.47
Osiajee Texfab,+3.45
Amara Raja Batt.,+3.44
Ram Info,+3.42
Rites Ltd.,+3.40
M&M Fin.Services,+3.38
Hind. Copper,+3.38
Indostar Capital Fin,+3.38
Samkrg Pistons & Rin,+3.36
Oceanaa Biotek Ind,+3.34
BayerCropscience,+3.34
Vinati Organics,+3.32
Poly Medicure Lt,+3.31
MEP Infrastructure,+3.28
Bharat Agri Fert & R,+3.27
Fluidomat,+3.26
KIC Metaliks,+3.25
King Infra Ventures,+3.24
V-Guard Ind.Ltd.,+3.22
Castrol India,+3.22
Deep Industries,+3.22
Goldiam Internat,+3.19
Imagicaaworld Entert,+3.17
Repro India Ltd.,+3.17
Modern India,+3.16
Uniphos Enterprises,+3.10
Coal India,+3.09
Ceat Ltd.,+3.09
CLC Industries,+3.08
Veto Switchgears & C,+3.08
Lupin Ltd.,+3.07
TPL Plastech Ltd.,+3.07
IVP,+3.03
Alphageo (India),+3.01
Gillanders Arbut,+3.01
HMT Ltd.,+3.00
Vakrangee,+3.00
Navneet Education,+2.98
Capri Global Capital,+2.98
Kitex Garments,+2.93
Kingfa Science & Tec,+2.93
Nectar Lifesciences,+2.88
Madras Fertilize,+2.87
Alankit,+2.86
5Paisa Capital,+2.85
Murudeshwar Cer.,+2.85
Raghav Productivity,+2.83
Fineotex Chemical Lt,+2.83
Tatia Global Venntur,+2.78
Dhanalaxmi Roto,+2.78
Marico Ltd.,+2.75
Bannari Amman Su,+2.73
Urja Global,+2.71
Duncan Engineering,+2.70
Edelweiss Fin. Ser,+2.70
Mangalam Industrial,+2.70
Birla Corporation Lt,+2.67
Decipher Labs,+2.67
L&T Infotech,+2.66
Maha. Scooters,+2.66
Zim Laboratories,+2.64
Bajaj Healthcare,+2.62
Galaxy Bearings,+2.62
Century Enka,+2.62
Veer Energy & Infras,+2.62
BDH Industries,+2.62
Ingersoll Rand,+2.60
The Ramco Cements,+2.59
Upasana Finance,+2.58
Rasandik Engg.,+2.55
Rallis India,+2.53
Security and Intelli,+2.45
PTC India Financial,+2.44
Gayatri Highways,+2.44
Bajaj Finserv Ltd.,+2.44
Oriental Veneer,+2.44
Bal Pharma Ltd,+2.44
ITI,+2.40
Hindustan Aeronautic,+2.38
Visagar Polytex Ltd.,+2.38
Cipla,+2.35
Nilkamal Ltd.,+2.35
Winsome Brewerie,+2.33
Modison Metals L,+2.30
Balmer Lawrie Invest,+2.28
The Byke Hospitality,+2.28
General Ins. Corp.,+2.26
Shriram Trans.Fi,+2.24
Symphony,+2.24
Torrent Pharmac,+2.15
Nippon LifeAM Ltd.,+2.12
Bata India,+2.11
DCM Nouvelle,+2.10
Engineers India,+2.09
Nitin Castings,+2.06
Gallantt Ispat Ltd.,+2.05
Norris Medicines,+2.04
Lokesh Machines,+2.04
Rashtriya Chemicals,+2.04
Star Paper Mills,+2.03
Orient Cement Ltd.,+2.02
Moneyboxx Finance,+2.02
Malu Paper Mills,+2.00
Ambika Cotton Mi,+1.98
Aditri Industries,+1.96
Westlife Development,+1.91
Siemens Ltd.,+1.91
Taj GVK Hotels & Res,+1.90
Unichem Labs,+1.90
IykotHitechToolroom,+1.90
Chartered Logistics,+1.89
Mukta Agriculture,+1.89
Lumax Auto Technolog,+1.88
Oriental Carbon,+1.84
L&T Technology Serv,+1.80
Whirlpool of Ind,+1.78
Generic Pharmasec,+1.76
NDTV,+1.76
Ucal Fuel System,+1.75
Albert David Ltd,+1.74
KIOCL,+1.71
Kaycee Inds.,+1.68
Sunil Healthcare,+1.66
MosChip Technologies,+1.66
India Cements Lt,+1.65
Mangalam Cement,+1.64
MMTC Ltd.,+1.64
Rama Paper Mills,+1.63
EIH Associated,+1.62
V Mart Retail,+1.62
Bank of Baroda,+1.60
Sumitomo Chemical,+1.59
Federal Bank,+1.58
Quess Corp,+1.54
Power Mech Projects,+1.47
Bharat Road Network,+1.44
KSB Ltd,+1.44
Suraj Products Ltd.,+1.44
Oracle Financial Ser,+1.44
Bartronics India Ltd,+1.43
Foods & Inns,+1.43
Veljan Denison,+1.42
Dewan Housing,+1.38
BF Investment Ltd.,+1.38
D & H India,+1.37
Infibeam Avenues,+1.37
Surana Telecom and P,+1.35
Sangal Papers Li,+1.34
MPDL,+1.34
NEL Holdings,+1.32
National Fertilizers,+1.27
Esab India,+1.27
Sakthi Sugars,+1.26
Rajoo Engineers,+1.22
Heidelberg Cement In,+1.19
Mishka Exim,+1.13
EID Parry,+1.12
Archidply Industries,+1.12
IRCTC,+1.11
Rossari Biotech,+1.10
RRIL,+1.09
Tata Chemicals,+1.08
ONGC,+1.02
Riddhi Siddhi Gluco,+1.01
Reliance Inds.,+1.00
Sunshield Chemic,+1.00
Investment & Pre,+1.00
Hind. Adhesives,+0.97
Indian Overseas,+0.97
Tasty Bite,+0.96
JK Paper Ltd.,+0.96
Sun Pharma Advanced,+0.94
Garden Reach Ship,+0.93
FDC Ltd.,+0.93
Mangalam Seeds,+0.91
Balkrishna Ind.,+0.91
Power Grid Corpo,+0.87
Orient Paper,+0.83
Nahar Poly Films Ltd,+0.82
Unitech Internationa,+0.81
Mitsu Chem Plast,+0.78
Poddar Housing,+0.73
Ujjivan SmallFinance,+0.71
Kilitch Drugs(I),+0.69
Career Point,+0.67
Perfectpac,+0.67
Bajaj Holdings & Inv,+0.64
Syncom Formul.,+0.61
Sat Industries Ltd.,+0.58
ABB Power Products,+0.57
Dyna Vision,+0.54
Srikalahasthi Pipes,+0.52
Innovators Facade Sy,+0.50
Prajay Engineers,+0.50
Vishal Fabrics Ltd.,+0.48
Sadhana Nitro,+0.48
Moongipa Securities,+0.47
Ludlow Jute & Specia,+0.47
Ravi Kumar Distiller,+0.44
Cochin Shipyard,+0.43
IDBI Bank Ltd.,+0.39
Swas.Vinay.Synt,+0.31
Indo Tech Transforme,+0.26
Kkalpana lndustries,+0.26
Bharat Dynamics,+0.22
HDFC AMC,+0.18
Kamanwala Housing Co,+0.18
Chennai Petro.,+0.13
Apollo Hospitals,+0.12
The Indian Card Clot,+0.10
Cubex Tubings Lt,+0.09
JK Cement,+0.08
The New India Assur,+0.04
TTK Prestige L,+0.04
